,id,title,description
0,0lOSvOoF2to,OpenAI GPT-4 Function Calling: Unlimited Potential,"Function calling is a new capability for OpenAI's GPT-4 and GPT-3.5 via the API. Function-calling allows you to extract structured outputs from the GPT model.

Github notebook: https://github.com/Sentdex/ChatGPT-API-Basics/blob/main/function_calling.ipynb

Neural Networks from Scratch book: https://nnfs.io
Channel membership: https://www.youtube.com/channel/UCfzlCWGWYyIQ0aLC5w48gBQ/join
Discord: https://discord.gg/sentdex
Reddit: https://www.reddit.com/r/sentdex/ 
Support the content: https://pythonprogramming.net/support-donate/
Twitter: https://twitter.com/sentdex
Instagram: https://instagram.com/sentdex
Facebook: https://www.facebook.com/pythonprogramming.net/
Twitch: https://www.twitch.tv/sentdex"
